Student ID,Name,1,,2,,3,,4,,5,,6,,7,,8,,9,,10,,11,,12,,Exam Outline,,
,,Grade,Comment,Grade,Comment,Grade,Comment,Grade,Comment,Grade,Comment,Grade,Comment,Grade,Comment,Grade,Comment,Grade,Comment,Grade,Comment,Grade,Comment,Grade,Comment,Delay (hours),Sum,Cheat
,,10,(for feedbacks),10,(for feedbacks),10,(for feedbacks),10,(for feedbacks),5,(for feedbacks),0,(for feedbacks),0,(for feedbacks),0,(for feedbacks),0,(for feedbacks),0,(for feedbacks),0,(for feedbacks),0,(for feedbacks),,45,
1,a,,,,,,,,,,,,,,,,,,,,,,,,,,15.5,
,,1,,10,,1,,3,,0.5,,,,,,,,,,,,,,,,,,
2,b,,,,,,,,,,,,,,,,,,,,,,,,,,24,
,,10,,8,,3,,3,,0,,,,,,,,,,,,,,,,,,
3,c,,,,,,,,,,,,,,,,,,,,,,,,,,36,
,,10,,10,,6,,5,,5,,,,,,,,,,,,,,,,,,
4,d,,,,,,,,,,,,,,,,,,,,,,,,,,,
